sales,1416
manager,1104
retail,511
service,432
representative,395
assistant,395
engineer,354
associate,326
customer,314
specialist,273
s,271
analyst,270
senior,264
account,235
consultant,230
technician,219
business,219
macy,213
nurse,211
director,204
and,199
time,193
developer,188
rn,179
coordinator,175
management,175
for,165
of,163
medical,148
marketing,136
center,135
wireless,131
executive,131
â€“,130
project,128
a,127
supervisor,125
entry,118
driver,117
care,115
sr,114
online,113
in,112
administrator,111
registered,111
needed,110
part,110
cash,109
trainee,109
survey,108
full,108
earn,107
store,107
taker,107
home,107
level,107
support,105
services,103
accountant,100
financial,99
insurance,97
1,95
extra,94
administrative,91
drivers,89
maintenance,88
opportunity,86
development,84
outside,83
lead,82
systems,82
or,81
software,81
health,81
safe,80
rep,79
tech,77
therapist,76
banker,74
nursing,73
i,72
ii,71
office,70
field,70
operations,70
restaurant,70
real,70
job,70
estate,68
franchise,67
technical,65
personal,65
lpn,64
data,63
2,63
general,62
clinical,61
ft,60
mechanic,60
hospital,60
clerk,60
staff,59
professional,59
quality,59
certified,58
t,58
prn,58
team,57
accounting,56
teller,55
officer,55
to,55
automotive,55
cdl,54
regional,53
the,53
java,52
operator,51
agent,51
delivery,50
shift,50
warehouse,50
program,49
inside,49
it,49
new,49
human,49
kindred,48
positions,48
net,48
is,47
with,46
cosmetics,46
leader,45
3,45
experience,45
ca,45
dynamics,45
bilingual,44
programmer,44
physical,43
accounts,43
recruiter,43
network,43
ny,42
tx,40
security,40
c,40
jani,40
nurses,40
teacher,40
king,40
receptionist,39
case,39
finance,39
application,39
resources,38
physician,38
p,38
loan,38
position,38
licensed,38
commercial,38
architect,38
pt,38
training,37
class,37
mechanical,37
auto,37
design,37
fl,36
co,36
truck,36
f,36
career,36
commission,35
experienced,35
engineering,35
nights,35
openings,35
web,35
designer,35
product,34
electrical,34
mortgage,34
auditor,34
teammate,34
hr,34
on,33
manufacturing,33
food,33
call,33
benefits,33
technology,33
production,32
pa,32
area,32
dental,31
managers,31
cnc,30
social,30
city,30
community,30
cna,30
oh,29
life,29
process,29
virtual,29
advisor,29
equipment,29
company,28
school,28
loss,28
local,27
information,27
system,27
hiring,27
worker,27
oracle,27
construction,27
sql,26
district,26
contact,26
occupational,26
exp,26
days,25
pharmaceutical,25
technologist,25
now,25
junior,25
payroll,25
front,25
hvac,25
control,25
practitioner,25
iii,25
test,25
fair,24
property,24
client,24
tax,24
chief,24
opportunities,24
ma,24
lab,24
safety,23
healthcare,23
mall,23
relations,23
residential,23
advertising,23
resource,22
coder,22
no,22
receivable,22
applications,22
prevention,22
san,22
unit,22
patient,22
controller,22
billing,22
south,21
per,21
assurance,21
plant,21
industry,21
planner,21
pediatric,21
networking,21
distribution,21
4,21
environmental,21
immediate,21
seeking,21
at,21
instructor,21
aide,21
territory,20
county,20
practice,20
practical,20
corporate,20
reporting,20
branch,20
sap,20
pharmacy,20
supply,20
bonus,20
galleria,20
machinist,20
nc,19
underwriter,19
you,19
purchasing,19
st,19
vice,19
beach,19
president,19
admin,19
great,19
buyer,19
ms,19
desk,18
chain,18
cook,18
b,18
installer,18
12,18
legal,18
il,18
certifications,18
up,18
cisco,18
technicians,18
looking,18
media,17
20,17
all,17
veterinary,17
wanted,17
payable,17
west,17
processor,17
receiving,17
md,17
immediately,17
research,17
2nd,17
inspector,16
hours,16
compensation,16
partner,16
database,16
5,16
heavy,16
ax,16
nj,16
houston,16
va,16
open,16
med,16
ga,16
qa,16
family,16
contract,16
site,16
bus,15
risk,15
public,15
crm,15
tn,15
000,15
w,15
mobile,15
bookkeeper,15
valley,15
compliance,15
credit,15
server,15
solutions,15
living,15
self,15
secretary,15
sharepoint,15
lvn,15
diesel,15
audit,14
d,14
records,14
based,14
travel,14
communications,14
operators,14
global,14
principal,14
associates,14
weekends,14
internet,14
must,14
excellent,14
logistics,14
crew,14
leasing,14
7a,14
staffing,14
line,14
icu,14
day,14
biller,14
sign,14
town,14
electronic,14
dba,14
seeks,14
market,14
transportation,14
cost,14
industrial,14
department,14
rns,14
free,14
computer,13
person,13
route,13
phone,13
north,13
digital,13
direct,13
work,13
hour,13
b2b,13
assessment,13
house,13
solos,13
are,13
m,13
admissions,13
national,13
jr,13
hha,13
mgr,12
high,12
merchandiser,12
pcp,12
counselor,12
help,12
learn,12
r,12
relationship,12
spanish,12
special,12
square,12
collections,12
planning,12
performance,12
claims,12
implementation,12
internal,12
teams,12
lpns,12
diem,12
dallas,12
gp,12
firm,12
take,12
park,12
room,12
we,12
speech,12
7p,12
state,12
vp,11
analytics,11
teachers,11
education,11
professionals,11
com,11
fulfillment,11
labor,11
intern,11
columbus,11
inc,11
integration,11
visual,11
electrician,11
facility,11
mo,11
inventory,11
hospice,11
phlebotomist,11
shipping,11
east,11
cnas,11
people,11
aides,11
available,11
25,11
reps,11
therapy,11
writer,11
has,11
resident,11
ct,11
chef,11
spec,11
100k,11
if,10
owner,10
90k,10
total,10
functional,10
small,10
us,10
night,10
collector,10
hills,10
plains,10
language,10
emergency,10
machine,10
seasonal,10
superintendent,10
svc,10
e,10
tester,10
your,10
radiological,10
parts,10
material,10
surgery,10
furniture,10
clinic,10
temporary,10
la,10
foreman,10
shop,10
event,10
surg,10
order,10
capital,10
pm,10
n,10
welder,10
representatives,10
have,10
weekend,10
k,10
member,10
cust,10
bi,10
growing,10
coach,10
lake,9
multi,9
miami,9
laboratory,9
opening,9
10,9
denver,9
release,9
an,9
50k,9
liaison,9
mid,9
recruitment,9
bank,9
structural,9
apartment,9
intelligence,9
central,9
imaging,9
division,9
shifts,9
enterprise,9
columbia,9
start,9
improvement,9
h,9
oncology,9
j2ee,9
years,9
servers,9
consumer,9
fire,9
trainees,9
dispatcher,9
cpa,9
wa,9
student,9
1st,9
np,9
required,9
busy,9
evening,9
otr,9
electronics,9
facilities,9
hire,9
non,9
rehab,9
forklift,9
windows,9
early,9
base,9
mi,8
vocational,8
litigation,8
investment,8
documentation,8
back,8
mn,8
texas,8
pharmacist,8
asst,8
trainer,8
administration,8
alarm,8
graphic,8
centre,8
al,8
packaging,8
village,8
infrastructure,8
inbound,8
generalist,8
associat,8
40k,8
large,8
surgical,8
instructors,8
pay,8
paralegal,8
portland,8
l,8
wi,8
processing,8
analysis,8
need,8
assembly,8
child,8
louis,8
him,8
hrs,8
salary,8
30,8
english,8
review,8
concierge,8
40,8
lingual,8
00,8
dialysis,8
edi,8
sas,8
coding,8
correctional,8
yrs,8
agency,8
currently,8
beauty,8
york,8
workers,8
controls,8
collection,7
document,7
easton,7
diego,7
8,7
plastic,7
dietary,7
boston,7
charlotte,7
prep,7
60k,7
private,7
banking,7
estimator,7
device,7
attendant,7
hospitality,7
university,7
3rd,7
excellence,7
testing,7
tire,7
mental,7
master,7
agents,7
welders,7
members,7
summit,7
year,7
x,7
following,7
rd,7
manual,7
scheduler,7
big,7
abuse,7
substance,7
az,7
cooks,7
title,7
repair,7
min,7
housekeeper,7
plaza,7
remote,7
hhas,7
week,7
talent,7
fort,7
csr,7
assisted,7
associa,7
closer,7
70k,7
attorney,7
mds,7
teaching,7
greater,7
car,7
ohio,7
6,7
region,7
60,7
pompano,7
portfolio,7
lathe,7
fleet,6
growth,6
iv,6
tool,6
painter,6
11,6
provider,6
axapta,6
vegas,6
term,6
dedicated,6
escrow,6
las,6
adjuster,6
130k,6
chemical,6
cashier,6
sun,6
er,6
math,6
first,6
contracts,6
drafter,6
bay,6
farm,6
concrete,6
brand,6
atlanta,6
sports,6
apply,6
aerospace,6
rigger,6
nav,6
caregivers,6
expert,6
protection,6
garden,6
tutors,6
maker,6
float,6
100,6
burlington,6
95k,6
pacu,6
70,6
22,6
beverage,6
ray,6
procurement,6
specialists,6
one,6
asp,6
markets,6
80k,6
medicine,6
50,6
accepting,6
transport,6
comm,6
police,6
respiratory,6
ks,6
charge,6
club,6
laborers,6
mfg,6
revenue,6
employment,6
injection,6
group,6
welding,6
summer,6
long,6
clerical,6
pathologist,6
pool,6
assistants,6
assembler,6
rehabilitation,6
independent,6
handler,6
grow,6
civil,6
materials,6
helper,5
wk,5
exchange,5
temp,5
operating,5
top,5
pc,5
52,5
station,5
western,5
regulatory,5
desktop,5
radiation,5
crane,5
demand,5
dc,5
cath,5
fabricator,5
austin,5
ecommerce,5
ot,5
ultrasound,5
florida,5
preferred,5
nyc,5
press,5
baltimore,5
medicare,5
clinician,5
be,5
waste,5
dishwashers,5
appraiser,5
75k,5
linux,5
location,5
our,5
ltl,5
massage,5
instrument,5
as,5
lauderdale,5
christi,5
studies,5
middle,5
ky,5
birmingham,5
pittsburgh,5
coord,5
month,5
upscale,5
access,5
assisting,5
jersey,5
user,5
scientist,5
sa,5
content,5
corpus,5
power,5
old,5
midwest,5
kitchen,5
fast,5
printing,5
nh,5
sourcing,5
registration,5
downtown,5
reg,5
change,5
wellness,5
needs,5
gas,5
etl,5
80,5
dentist,5
contractor,5
international,5
nashville,5
psychiatric,5
heights,5
casual,5
wound,5
head,5
85,5
cartage,5
college,5
ass,5
metal,5
recovery,5
orlando,5
express,5
door,5
metro,5
helpdesk,5
tim,5
nuclear,5
sacramento,5
los,5
officers,5
surgeon,5
leaders,5
lending,5
only,5
req,5
mtg,5
wm,5
advanced,5
dining,5
editor,5
vent,5
emt,5
saas,5
7,5
ave,5
package,5
mesa,5
asap,5
mechanics,5
educator,5
installers,5
grand,5
del,5
claim,5
harrisburg,5
parachute,5
nicu,5
friday,5
ut,5
utilization,5
therapists,5
appointment,5
120k,5
consultants,5
19,5
search,5
ok,5
hampton,5
landscape,5
counter,5
vb,5
phoenix,5
medication,5
government,5
hardware,5
refrigeration,5
shreveport,5
steel,5
carrier,5
molding,5
assistance,5
multiple,5
pta,4
underwriting,4
stonebriar,4
road,4
traffic,4
accountants,4
mountain,4
point,4
best,4
onsite,4
expanding,4
hazardous,4
cashiers,4
queens,4
carpenters,4
frisco,4
established,4
commons,4
louisville,4
post,4
instrumentation,4
paul,4
peoplesoft,4
angeles,4
get,4
usa,4
jefferson,4
humble,4
michigan,4
paramus,4
trade,4
merchandise,4
counselors,4
walmart,4
perioperative,4
hourly,4
shared,4
aircraft,4
deputy,4
traverse,4
reminiscence,4
damage,4
strategist,4
infant,4
key,4
sal,4
cold,4
counsel,4
stock,4
ba,4
telemetry,4
aid,4
library,4
fairview,4
crossing,4
suffolk,4
behavioral,4
pricing,4
personnel,4
linehaul,4
box,4
trailer,4
french,4
northern,4
clear,4
newport,4
falls,4
informatics,4
aventura,4
bedford,4
geologist,4
fashion,4
examiner,4
php,4
leading,4
seasons,4
from,4
green,4
housekeeping,4
90,4
cons,4
placement,4
referral,4
ag,4
mar,4
brooklyn,4
grads,4
corona,4
boca,4
45k,4
daily,4
scranton,4
albany,4
cfo,4
sous,4
electro,4
wok,4
cross,4
washington,4
embedded,4
external,4
costa,4
rochester,4
advisors,4
pension,4
ip,4
hygienist,4
wholesaler,4
preschool,4
reception,4
march,4
dover,4
today,4
lease,4
entertainment,4
registry,4
court,4
employee,4
kindr,4
gm,4
viejo,4
wealth,4
closing,4
body,4
mill,4
complex,4
guard,4
plumber,4
welcome,4
report,4
hotel,4
op,4
75,4
minded,4
end,4
techs,4
excel,4
clinicians,4
utility,4
most,4
operational,4
provided,4
cardiac,4
detailer,4
indianapolis,4
spring,4
sec,4
childcare,4
selling,4
mission,4
solution,4
set,4
activities,4
major,4
sale,4
seattle,4
paramedic,4
syracuse,4
adult,4
se,4
santa,4
leads,4
degree,4
ad,4
pl,4
tractor,4
managed,4
hill,4
9,4
trach,4
basic,4
pre,4
manufacturer,4
products,4
telephone,4
roosevelt,4
leadership,4
creek,4
recruiting,4
interim,4
porter,4
cleveland,4
ortho,4
coast,4
lines,4
gift,4
fitness,4
skilled,3
yard,3
enrichment,3
citi,3
named,3
reviewer,3
ruby,3
dietitian,3
relief,3
clerks,3
aprn,3
oil,3
modeler,3
roofers,3
touchpoint,3
minneapolis,3
men,3
wv,3
raleigh,3
transition,3
originator,3
ed,3
train,3
roll,3
allentown,3
abstractor,3
huntington,3
trades,3
assoc,3
gwt,3
world,3
minimum,3
urgent,3
nursecare,3
outpatient,3
optical,3
ambitious,3
dentures,3
27,3
nanny,3
stf,3
int,3
cosmetic,3
35k,3
oaks,3
towne,3
respite,3
mq,3
journeyman,3
internship,3
paid,3
feed,3
fpga,3
pediatrics,3
adon,3
membership,3
500,3
nutrition,3
artist,3
charles,3
slp,3
northpark,3
own,3
condo,3
westfield,3
run,3
institutional,3
oak,3
bakery,3
affairs,3
poster,3
graduate,3
resolution,3
science,3
ob,3
mold,3
springs,3
froedtert,3
electricians,3
mentor,3
estimating,3
15,3
intensive,3
platform,3
april,3
ssis,3
analysts,3
plc,3
monday,3
ladera,3
timeshare,3
coming,3
asset,3
tota,3
appliance,3
laborer,3
some,3
flexible,3
posted,3
directory,3
communication,3
cycle,3
trustworthy,3
vt,3
bridge,3
saturday,3
advisory,3
mitigation,3
equity,3
arlington,3
ui,3
nd,3
myers,3
file,3
delaware,3
sme,3
oklahoma,3
telemarketing,3
energetic,3
lcsw,3
lee,3
water,3
underwriters,3
cma,3
vehicle,3
mail,3
including,3
ranch,3
weblogic,3
rosedale,3
providence,3
strategic,3
f12,3
operation,3
river,3
apprentice,3
tampa,3
veterans,3
childhood,3
advancement,3
second,3
petroleum,3
land,3
radiology,3
roofing,3
flow,3
monitor,3
telecommunication,3
alcohol,3
stamford,3
2703,3
owned,3
engineers,3
bar,3
kiosk,3
tuttle,3
dean,3
substitute,3
more,3
unarmed,3
american,3
liability,3
fargo,3
subcontract,3
provide,3
oakbrook,3
fund,3
individuals,3
chemistry,3
specialty,3
55,3
nv,3
environment,3
merchandising,3
profit,3
vacation,3
2000,3
sup,3
join,3
lifeguard,3
480,3
automation,3
pharma,3
fuel,3
cincinnati,3
setup,3
virtualization,3
stone,3
franklin,3
flight,3
sw,3
outbound,3
salesforce,3
floor,3
producer,3
highway,3
storage,3
this,3
bakers,3
unix,3
chhas,3
off,3
photographer,3
setters,3
objects,3
madison,3
machinery,3
instructional,3
wuesthoff,3
painters,3
dr,3
400,3
mills,3
tig,3
chart,3
union,3
forest,3
manhasset,3
85k,3
validation,3
maryland,3
acquisition,3
holidays,3
progressive,3
payment,3
salesperson,3
telecommute,3
minnesota,3
academic,3
country,3
by,3
forbes,3
sd,3
wichita,3
fabrication,3
developmental,3
hosts,3
dishwasher,3
law,3
specialized,3
directv,3
outreach,3
android,3
unique,3
grocery,3
cb,3
machining,3
dispatch,3
catering,3
hab,3
flatbed,3
candidate,3
fairfield,3
memphis,3
65,3
cognos,3
hi,3
copier,3
northgate,3
erp,3
drive,3
campus,3
coral,3
air,3
precision,3
seamless,3
treasury,3
paratransit,3
come,3
installation,3
am,3
engagement,3
mri,3
qualified,3
monitoring,3
telesales,3
will,3
mix,3
foremen,3
cherry,3
navision,3
place,3
peds,3
vacancies,3
secur,3
melbourne,3
building,3
managing,3
organization,3
bulk,3
retirement,3
injury,3
info,3
pros,3
edm,2
printer,2
sinai,2
hosp,2
war,2
bodily,2
verification,2
ase,2
floating,2
animal,2
cosmetologists,2
luxury,2
ho,2
brunswick,2
lan,2
charter,2
treatment,2
starbucks,2
midtown,2
clinics,2
athens,2
nsav,2
middletown,2
sox,2
brake,2
via,2
0,2
collision,2
success,2
street,2
au,2
asso,2
est,2
van,2
adoption,2
connecticut,2
wan,2
02,2
wfa,2
short,2
akron,2
internist,2
don,2
ventilator,2
structure,2
roseville,2
out,2
packager,2
noc,2
publications,2
manage,2
cases,2
perm,2
import,2
cert,2
sonographer,2
varina,2
rotating,2
endoscopy,2
optic,2
nevada,2
salon,2
rec,2
analog,2
researcher,2
continuous,2
illinois,2
managment,2
cabinet,2
de,2
feild,2
genetics,2
nassau,2
deerbrook,2
solar,2
commodity,2
faculty,2
websphere,2
biotech,2
adolescent,2
value,2
virginia,2
orthopedic,2
gyn,2
ux,2
laundry,2
sandy,2
repossession,2
transit,2
mammography,2
cleaners,2
portuguese,2
albuquerque,2
evs,2
comed,2
meat,2
lexington,2
westland,2
bdc,2
stream,2
requirements,2
roebuck,2
marketplace,2
morris,2
use,2
two,2
sls,2
gila,2
used,2
fiber,2
relocatable,2
mass,2
ekg,2
baker,2
17,2
pipeline,2
ready,2
philadelphia,2
chesterfield,2
items,2
citrix,2
henderson,2
fri,2
fredricksburg,2
trucking,2
paced,2
pref,2
tacoma,2
indiana,2
crystal,2
restaurants,2
32,2
collectors,2
dartmouth,2
scottsdale,2
scribe,2
wisconsin,2
pp,2
parking,2
broadway,2
batch,2
asic,2
serv,2
sustaining,2
basis,2
boy,2
10e,2
scanning,2
ia,2
weekdays,2
greensburg,2
mon,2
landmark,2
implementer,2
ac,2
mobility,2
permanent,2
alabama,2
website,2
elementary,2
fai,2
corporation,2
fine,2
25th,2
print,2
micro,2
initiatives,2
speaking,2
ehs,2
plan,2
procedure,2
boulder,2
hatch,2
tutor,2
assemblers,2
associ,2
cable,2
g,2
rochdale,2
become,2
chicago,2
interface,2
currentl,2
sfte,2
programmers,2
video,2
cuisine,2
telemarketer,2
rafael,2
mayfair,2
401,2
pima,2
hemo,2
revit,2
structures,2
cac,2
mount,2
camp,2
eve,2
highly,2
dayton,2
naples,2
liason,2
cpg,2
plumbing,2
alton,2
altamonte,2
fayetteville,2
commerce,2
calling,2
tucson,2
news,2
jobs,2
jquery,2
antonio,2
00pm,2
traveling,2
bays,2
chemist,2
working,2
rancho,2
reporter,2
qualifier,2
proc,2
techno,2
115k,2
obiee,2
fin,2
avp,2
det,2
facilitator,2
acct,2
side,2
ehr,2
card,2
projects,2
upper,2
landscaper,2
11p,2
active,2
10k,2
arizona,2
supervisors,2
tarentum,2
318,2
rails,2
caree,2
northridge,2
westmin,2
meditech,2
sar,2
westmoreland,2
boynton,2
norcross,2
catalog,2
bo,2
unlimited,2
hollywood,2
compens,2
caregiver,2
spotsylvania,2
engage,2
forecast,2
id,2
milwaukee,2
html,2
brands,2
outlet,2
credentialing,2
farmington,2
shops,2
into,2
migration,2
cerritos,2
equip,2
re,2
ingram,2
fte,2
setter,2
36,2
optics,2
code,2
admission,2
casualty,2
professor,2
um,2
arts,2
consulting,2
infusion,2
03,2
satellite,2
exempt,2
v,2
princeton,2
paint,2
lean,2
shoe,2
110k,2
800,2
ctr,2
sense,2
commissio,2
agriculture,2
cap,2
cota,2
maplewood,2
vernon,2
en,2
worksite,2
distributor,2
snf,2
forestry,2
utah,2
defense,2
fordham,2
brea,2
librarian,2
inpatient,2
poultry,2
hands,2
sears,2
aramark,2
juan,2
janitorial,2
ice,2
homes,2
hagan,2
careers,2
near,2
pipe,2
13,2
located,2
bowie,2
space,2
redondo,2
perl,2
eng,2
newborn,2
residency,2
labors,2
yonkers,2
jerome,2
hartford,2
centerpoint,2
worth,2
money,2
walden,2
stna,2
foods,2
monroe,2
pcg,2
lakes,2
inn,2
clean,2
pet,2
contracting,2
acute,2
but,2
deli,2
alliance,2
gis,2
orland,2
overland,2
telephonic,2
morning,2
status,2
physics,2
track,2
months,2
barista,2
daycare,2
pedi,2
southern,2
creative,2
loader,2
wyoming,2
unified,2
middleware,2
publicis,2
chesapeake,2
laguna,2
salem,2
fuquay,2
seo,2
northport,2
careerbuilder,2
mgrs,2
30p,2
dept,2
channel,2
chula,2
milling,2
derm,2
ins,2
wed,2
clairsville,2
cyber,2
layout,2
antioch,2
pca,2
activity,2
vitran,2
palm,2
bethlehem,2
memory,2
avail,2
reweigh,2
after,2
vascular,2
aps,2
639,2
somersville,2
commack,2
belmont,2
voorhees,2
plumbers,2
peninsula,2
irvine,2
tools,2
children,2
think,2
microsoft,2
license,2
jackson,2
women,2
variable,2
smt,2
gc,2
assc,2
superstar,2
mig,2
centercome,2
ln,2
posting,2
configuration,2
hrms,2
guest,2
ibm,2
duty,2
covina,2
durham,2
tank,2
mclean,2
fun,2
recent,2
moreno,2
sell,2
fastest,2
fresno,2
tea,2
trans,2
raton,2
problem,2
iowa,2
soa,2
difference,2
motivated,2
gs,2
strategy,2
empire,2
presentation,2
pathologists,2
overnight,2
candidates,2
disability,2
vancouver,2
perimeter,2
commis,2
419,2
better,2
00am,2
signal,2
fairmont,2
japanese,2
independence,2
income,2
surveyor,2
coffee,2
laser,2
cloud,2
css,2
rock,2
hebrew,2
wauwatosa,2
beaut,2
cheektowaga,2
grounds,2
designated,2
drug,2
spine,2
nursery,2
pair,2
natural,2
pcb,2
continuity,2
commissioned,2
javascript,2
cape,2
penn,2
woodlands,2
h12,2
white,2
kentucky,2
weekly,2
psychologist,2
piping,2
runs,2
wayne,2
interviews,2
regbkg,2
advocacy,2
vista,2
john,2
iso,2
programs,2
canton,2
dadeland,2
benefit,2
northland,2
habilitation,2
doctor,2
bedding,2
broward,2
licensing,2
helpers,2
flooring,2
cutter,2
hazmat,2
sick,2
italian,2
apex,2
craven,2
beaver,2
mgt,2
combination,2
ace,2
qc,2
northbrook,2
janitor,2
vol,2
recruit,2
executives,2
kansas,2
110,2
military,2
ri,2
tier,2
jv,2
homecare,2
stockers,2
2012,2
skills,2
main,2
parent,2
plymouth,2
board,2
atl,2
kronos,2
tennessee,2
humor,2
marine,2
america,2
warrenville,2
chapel,2
danbury,2
mech,2
cad,2
preservation,2
adv,2
greeneville,1
drainage,1
paypal,1
strain,1
remedy,1
nyqqdmwp,1
type,1
productivity,1
than,1
maintenace,1
frank,1
thrift,1
saleslicensed,1
39950,1
s2b52j,1
troy,1
manor,1
107681,1
salespurchasing,1
marion,1
specilist,1
screener,1
psychiatrist,1
pump,1
receiver,1
pmo,1
cit,1
pickup,1
spm,1
4222,1
secret,1
netbackup,1
lamar,1
sftm,1
ana,1
geico,1
accountability,1
stored,1
sykesville,1
ogden,1
relay,1
runner,1
woodland,1
fox,1
014,1
supercenter,1
sectioexperience,1
standards,1
fb,1
enriching,1
traditional,1
modification,1
graphics,1
evaluators,1
mortgages,1
axis,1
phd,1
metallurgical,1
chandler,1
reconstruction,1
tele,1
forâ,1
drafsperson,1
pullers,1
developerâ,1
number,1
tv,1
export,1
longterm,1
11pm,1
sherwood,1
parkway,1
villa,1
diffusion,1
rewarding,1
dedham,1
photograhers,1
baghdad,1
castle,1
viii,1
rapid,1
bindery,1
snowmobile,1
going,1
extended,1
cargo,1
cordov,1
try,1
5yr,1
ipa,1
fm,1
squad,1
elkins,1
dive,1
pico,1
cns,1
andspeech,1
mowing,1
receivers,1
headphone,1
identification,1
activation,1
muncie,1
chapter,1
colonie,1
gaylord,1
003,1
triage,1
fax,1
saddle,1
fu,1
4212,1
machanical,1
ote,1
provisioning,1
administative,1
brewery,1
beaches,1
medford,1
good,1
century,1
competent,1
5805,1
unifed,1
unprecedented,1
33196,1
yacht,1
forecasting,1
labeling,1
fixed,1
brokerage,1
flushing,1
knickerbocker,1
gehl,1
farms,1
truckload,1
southwest,1
ist,1
hematology,1
bmg,1
acton,1
generation,1
4738,1
produce,1
interbranch,1
modeling,1
mazatrol,1
deposit,1
vault,1
fasb,1
prior,1
insp,1
validator,1
woodfield,1
lift,1
settlers,1
gynecology,1
plater,1
prefer,1
coin,1
gl,1
origination,1
prvt,1
assist,1
geophysics,1
40312,1
mansfiel,1
12h,1
shopper,1
gage,1
driven,1
45,1
supplier,1
vision,1
subjects,1
sustainability,1
stroudsburg,1
eagle,1
rodman,1
var,1
actuarial,1
msw,1
require,1
reimbursement,1
word,1
copy,1
rocky,1
elmhurst,1
commonwealth,1
sterilization,1
cased,1
partnership,1
award,1
aero,1
costing,1
2p,1
sp,1
deserve,1
41122,1
122477,1
carpen,1
drupal,1
9330,1
leawood,1
packers,1
federal,1
magnetic,1
generaldo,1
40hrs,1
showroom,1
positons,1
sunnyvale,1
saturdays,1
fos,1
4799,1
corp,1
ship,1
crews,1
reconciliation,1
wolfchase,1
effort,1
each,1
alexandria,1
runners,1
ccu,1
pipers,1
optometric,1
winding,1
annapolis,1
intranet,1
generalwestern,1
publishing,1
repacker,1
collierville,1
dem,1
models,1
pickers,1
resonance,1
techncian,1
compiler,1
verizon,1
gta,1
clin,1
westbury,1
nostrand,1
same,1
emc,1
distribuition,1
smc,1
jurors,1
consulantants,1
vaqqarlington,1
secaucus,1
pup,1
suites,1
appeals,1
proven,1
40113,1
southeast,1
authorization,1
shuttle,1
certif,1
forensic,1
cumberland,1
nm,1
8th,1
sicu,1
tracking,1
maid,1
bio,1
iconvergence,1
wall,1
irrigation,1
netweaver,1
simsboro,1
resumes,1
dp7810091,1
1421,1
captain,1
wpf,1
eaton,1
teleco,1
admininstrator,1
cn,1
macros,1
roofs,1
func,1
dsd,1
effective,1
confiuration,1
tex,1
v2,1
principle,1
stratford,1
ads,1
background,1
faa,1
bell,1
colony,1
telecommunicator,1
echo,1
hoboken,1
selector,1
hauler,1
experienc,1
broadband,1
enterpriseâ,1
maria,1
lubricants,1
margarita,1
railcar,1
excise,1
28,1
managerwe,1
manuacturing,1
4748,1
1762,1
phcg,1
broker,1
ishiring,1
checker,1
rapids,1
fiscal,1
third,1
coughlincars,1
220,1
geek,1
film,1
credentialed,1
natrona,1
competitive,1
vf,1
certification,1
athletes,1
flatwork,1
dump,1
liabilit,1
scom,1
grandville,1
hyperion,1
keller,1
arling,1
ncqqcharlotte,1
audubon,1
creatively,1
41133,1
2011,1
vistacare,1
commissioner,1
negotiator,1
269,1
3130,1
task,1
indirect,1
egypt,1
menaul,1
manufactured,1
polaris,1
rockstar,1
sterile,1
pelham,1
ahrc,1
footh,1
chattahoochee,1
tactical,1
autocad,1
tanker,1
clearance,1
sqa,1
123287,1
ic,1
2769,1
apt,1
cc,1
payne,1
milford,1
aud,1
ground,1
laying,1
mercha,1
yorktown,1
coshocton,1
meetings,1
almeda,1
possibilities,1
41363,1
isg,1
mock,1
framingham,1
stepdown,1
ach,1
edctr,1
fulton,1
little,1
pl1,1
te,1
recreation,1
du,1
orthotist,1
waterloo,1
qualtiy,1
culinary,1
beechnut,1
logistic,1
ltc,1
insides,1
conditioned,1
cream,1
scrub,1
srvs,1
bachelor,1
liquid,1
extrusion,1
cars,1
fontana,1
elctro,1
340b,1
plans,1
lima,1
marshall,1
diamond,1
jboss,1
assistantjoin,1
valuation,1
franci,1
seals,1
kis,1
supporting,1
valvoline,1
notary,1
tinker,1
magic,1
111,1
opthamalic,1
routing,1
benways,1
bluffton,1
ems,1
documenter,1
three,1
auditing,1
expd,1
subway,1
exceptional,1
drop,1
georgetown,1
capistrano,1
generalcity,1
chinese,1
heritage,1
mngmnt,1
sample,1
revenues,1
pharmerica,1
gui,1
technologies,1
3121,1
photography,1
findlay,1
ufsd,1
citifield,1
sampler,1
finishers,1
4733,1
lawns,1
u,1
fluid,1
arbutus,1
phones,1
piece,1
microscope,1
retailer,1
seekin,1
monmouth,1
infantryman,1
riverside,1
champion,1
tallahassee,1
pr,1
weld,1
wendys,1
dev,1
aichhorn,1
vba,1
picker,1
reconciler,1
db2,1
essex,1
fernando,1
dekalb,1
vamc,1
peach,1
healthcarefull,1
dynamic,1
pms,1
pct,1
10158,1
chronicle,1
dependency,1
lawn,1
webmethods,1
bronx,1
motorcoach,1
gsm,1
contractual,1
servic,1
125k,1
crystallographer,1
pv,1
winning,1
integra,1
receipt,1
loadrunner,1
baler,1
mexico,1
cita,1
ent,1
cabana,1
carondelet,1
moline,1
laurel,1
coordination,1
providers,1
silver,1
waitress,1
dialer,1
warranty,1
cytometry,1
138th,1
napa,1
kennesaw,1
graeter,1
multimedia,1
ref,1
hu,1
jewelry,1
itd,1
comms,1
tcf,1
attendants,1
cente,1
exhaust,1
automated,1
missouri,1
winch,1
resr,1
4120,1
myrtle,1
api,1
supervisory,1
administrators,1
shuttler,1
lmsw,1
cancer,1
profile,1
93,1
thousand,1
phx,1
mercedes,1
hwy,1
gearup,1
existing,1
694,1
baybrook,1
41352,1
instructora,1
lifeworks,1
sucap,1
filler,1
4p,1
motivational,1
omaha,1
authority,1
integrated,1
assignments,1
633,1
credentials,1
miller,1
weeke,1
stockton,1
lpnâ€™s,1
prairie,1
lender,1
lr,1
123048,1
packer,1
clayton,1
responsible,1
merchandis,1
wantedweekly,1
toyota,1
purchaser,1
talen,1
pennsylvania,1
epic,1
appraisal,1
compounding,1
label,1
breeze,1
essbase,1
ccm,1
bristol,1
clarks,1
hackettstown,1
lloyd,1
microstrategy,1
crisis,1
experts,1
commodities,1
plantation,1
temecula,1
v9,1
sa032912sp,1
covers,1
auditors,1
matter,1
30k,1
9n,1
exelon,1
eastwood,1
3pm,1
documentum,1
cch,1
exam,1
copps,1
duties,1
startup,1
cosmet,1
canvassing,1
ink,1
carolina,1
sets,1
gmc,1
fa,1
ashland,1
employer,1
burnie,1
rotterdam,1
florissant,1
na,1
enhancements,1
sds2,1
reston,1
asian,1
gse,1
sorter,1
navy,1
forwarding,1
cls,1
hawthorn,1
104457,1
reports,1
makers,1
pathology,1
lac,1
30am,1
cellular,1
here,1
marr,1
ecam,1
powell,1
oilseeds,1
within,1
timemental,1
barbara,1
ideas,1
2186,1
geared,1
finleyville,1
notes,1
eves,1
148,1
positive,1
shareplex,1
cadd,1
cafe,1
cordinator,1
george,1
airboat,1
stamping,1
church,1
skin,1
dns,1
acela,1
nova,1
groundskeeper,1
mateo,1
statistician,1
lic,1
72,1
skokie,1
packaged,1
examination,1
super,1
its,1
cucamonga,1
servicesassists,1
ideal,1
ejb,1
schedule,1
festival,1
23,1
institution,1
4225,1
allocation,1
1000,1
morf,1
draftsperson,1
gulf,1
0007739402,1
developers,1
mngr,1
southpark,1
exec,1
greenville,1
ant,1
watco,1
theater,1
14th,1
richfield,1
psychics,1
calvary,1
firewall,1
costco,1
category,1
maintaining,1
recover,1
engineered,1
9th,1
plaintiff,1
coldwater,1
flash,1
ne,1
parttime,1
vacancycaesar,1
roi,1
appliances,1
complete,1
holtsville,1
integrity,1
irf,1
fico,1
packing,1
jemmco,1
compass,1
age,1
deployment,1
kendall,1
lafayette,1
fitters,1
servicemaster,1
vc,1
58,1
caresurgical,1
quaker,1
bandsaw,1
7am,1
stability,1
caterpillar,1
enrollment,1
lady,1
flexo,1
holed,1
resort,1
journeymen,1
paso,1
sheet,1
diagram,1
detention,1
python,1
org,1
resume,1
roseburg,1
premier,1
41161,1
orthonditic,1
avionics,1
tlc,1
pulp,1
neighborhood,1
solderer,1
glebe,1
detroit,1
counties,1
backend,1
cmm,1
dressing,1
environ,1
ware,1
interior,1
catch,1
averitt,1
rrt,1
conversion,1
thanks,1
enforcement,1
107k,1
recruiters,1
england,1
climb,1
hershey,1
infection,1
sioux,1
boom,1
millwrights,1
ppl,1
tyson,1
gifted,1
learning,1
srvcs,1
under,1
supplies,1
122709,1
ar,1
04,1
minnetonka,1
rent,1
xml,1
msabc,1
pallet,1
malware,1
eastern,1
reference,1
rentals,1
paper,1
hv,1
bookkeeping,1
hydraulic,1
wireline,1
lives,1
hammond,1
hand,1
bottom,1
moc,1
kw,1
urlv,1
personsal,1
aviation,1
hse,1
draftsman,1
evansville,1
zero,1
da,1
spe,1
vacuum,1
mat,1
postal,1
hunt,1
560,1
hcm,1
rig,1
interactive,1
verde,1
current,1
northeast,1
schagringas,1
inspections,1
ssas,1
medicinal,1
biztalk,1
offices,1
ttt,1
tenders,1
threat,1
syndications,1
turner,1
qulaity,1
ronkonkoma,1
down,1
houlihan,1
responder,1
omega,1
6am,1
silverdale,1
rnâ€™s,1
controlling,1
300,1
cooridinator,1
shoals,1
uat,1
sport,1
marley,1
guru,1
orqqdm,1
transportat,1
desserts,1
instr,1
pit,1
dispute,1
joint,1
california,1
fueler,1
fluids,1
teenage,1
commissions,1
openinglocal,1
elizabeth,1
anytime,1
livermore,1
vdi,1
communities,1
professionalcost,1
header,1
make,1
unc,1
dataguard,1
afb,1
genetic,1
gel,1
ext,1
di,1
txqqrsdallas,1
sweepers,1
hixson,1
adjudicator,1
charleston,1
relo,1
pinpad,1
4223,1
endodontist,1
dementia,1
swim,1
epdm,1
critical,1
gree,1
hart,1
newsday,1
bagel,1
swing,1
delive,1
bge,1
handset,1
lineman40,1
pioneer,1
keokuk,1
springfield,1
tailor,1
rivertown,1
wraparound,1
band,1
175k,1
economist,1
elderly,1
refuse,1
vending,1
alignment,1
rate,1
saylorsburg,1
0007756223,1
f35,1
forks,1
sunset,1
royston,1
70hr,1
circulation,1
willis,1
diabetes,1
jack,1
follow,1
lewisville,1
article,1
2500,1
34474,1
robertsdale,1
switchboard,1
fortune,1
40832,1
metropolitan,1
manassas,1
sf,1
glenpool,1
4852,1
blvd,1
pest,1
carhop,1
doorman,1
deal,1
component,1
rail,1
melville,1
bmet,1
surveillance,1
view,1
northhampton,1
pastry,1
10675,1
assis,1
wit,1
plastics,1
usability,1
rbc,1
adminstrativeoffice,1
alternative,1
recuiter,1
hostess,1
elmsford,1
exclusive,1
flex,1
mep,1
deere,1
trust,1
section,1
resorts,1
woods,1
extensive,1
clemente,1
lp,1
disaster,1
bsn,1
dust,1
e1,1
cafm,1
bnfts,1
schenectady,1
coun,1
123047,1
ap,1
boring,1
reverse,1
vocal,1
pll,1
should,1
etc,1
regionaltx,1
strongsville,1
tms,1
encompasscare,1
qi,1
cpas,1
prosthetist,1
rightfax,1
14,1
hilldale,1
overtime,1
arc,1
4787,1
shopping,1
dodd,1
sit,1
pos,1
principals,1
hilton,1
fluent,1
spn,1
hosting,1
well,1
baby,1
lecturer,1
extractions,1
toddler,1
bookstore,1
gandy,1
analytical,1
profi,1
hhemployeetype,1
breads,1
reading,1
advertisin,1
semi,1
role,1
readysc,1
norco,1
coumadin,1
oakland,1
texa,1
transmissions,1
occuaptional,1
contracto,1
pharmacists,1
omc,1
rehabilitati,1
cctv,1
sdk,1
addictions,1
16,1
goodyear,1
10674,1
kind,1
watchmaker,1
courtesy,1
fairfax,1
5n,1
supercenters,1
biofit,1
leisure,1
41314,1
scientists,1
giver,1
fulll,1
cnsmr,1
2yr,1
obgyn,1
alexander,1
iis,1
transactional,1
practioner,1
esx,1
calls,1
rbs,1
august,1
hires,1
adams,1
centricity,1
heating,1
painting,1
taking,1
justice,1
prosthetics,1
postions,1
electron,1
055,1
scaffold,1
few,1
ordinato,1
doc,1
z,1
neenah,1
german,1
mm,1
budget,1
born,1
scholar,1
birth,1
4899,1
cumbre,1
cpc,1
fry,1
sorters,1
rutland,1
msp,1
homeowners,1
convention,1
asssemblers,1
sco,1
5pm,1
proposal,1
nuc,1
ajax,1
katy,1
ticu,1
tree,1
backed,1
umbrella,1
virtualizatin,1
nw,1
homemakers,1
7997,1
computers,1
workstation,1
breaux,1
channelview,1
solano,1
woodbury,1
jolla,1
zone,1
orthodontal,1
parasitology,1
punch,1
casac,1
riverton,1
holiday,1
bahama,1
stillwater,1
music,1
1685,1
licenses,1
linear,1
registed,1
sc,1
0007745753,1
cities,1
clara,1
sims,1
peaceful,1
62,1
reporters,1
protein,1
delta,1
campaign,1
chelmsford,1
bakersfield,1
recreational,1
masons,1
crossroads,1
airline,1
prod,1
webmaster,1
trucksbenei,1
isda,1
block,1
detailers,1
tradesoil,1
vfd,1
sunderland,1
mystery,1
peor,1
13e,1
jump,1
handlers,1
scope,1
engine,1
cambridge,1
tooling,1
kaneohe,1
infants,1
biomedical,1
locations,1
replenishment,1
niles,1
housekeepers,1
driverrussell,1
ltach,1
officesanders,1
cardi,1
lehighvalley,1
subcontractors,1
screening,1
boone,1
managemen,1
alterations,1
wfcc,1
amazing,1
carriage,1
nmcommunity,1
degreed,1
steady,1
macys,1
installing,1
coppell,1
floater,1
parkdale,1
k12,1
statewide,1
grinder,1
alw,1
ramp,1
windward,1
telecommunications,1
southerland,1
charismatic,1
dauteriv,1
ti,1
copper,1
crc,1
lubbock,1
twin,1
hacep,1
amo,1
loyalty,1
winston,1
bolt,1
exterminating,1
patio,1
pediatrician,1
miner,1
ch,1
4724,1
4837,1
3744,1
dir,1
erector,1
anticipating,1
bridgewater,1
sevier,1
architectural,1
fundraising,1
res,1
generallooking,1
m3,1
alabaster,1
atlant,1
generalmechanic,1
cosmetology,1
â€“commercial,1
driversrail,1
maroa,1
plasma,1
assistantwashington,1
bankruptcy,1
roanoke,1
target,1
gov,1
institutions,1
grove,1
montgomery,1
olds,1
stage,1
ontrack,1
very,1
matrimonial,1
cissp,1
series,1
drugdesign,1
clincl,1
edwards,1
ladder,1
westfarms,1
blythe,1
economicsc,1
cmts,1
kitsap,1
masters,1
sem,1
intervention,1
junction,1
developmentalists,1
allied,1
lnas,1
508,1
viewmont,1
expeditor,1
theory,1
rce,1
61,1
kensington,1
euclid,1
ais,1
mediawiki,1
mult,1
95,1
broadcast,1
streets,1
mansfield,1
waltham,1
nmpms,1
gold,1
programming,1
benchmark,1
capable,1
lynbrook,1
graduates,1
ambulatory,1
11813,1
stewart,1
honolulu,1
glen,1
hunstville,1
ds,1
41358,1
motorcycle,1
tigard,1
blue,1
hodge,1
relationships,1
radiologist,1
loca,1
lot,1
restoration,1
gero,1
subject,1
transfer,1
vmware,1
hds,1
sugar,1
10pm,1
clare,1
generator,1
gatewa,1
repairing,1
lemoore,1
screw,1
pasadena,1
coordinator1,1
healthcarecustomer,1
cardiology,1
subscription,1
craftman,1
lifestyles,1
accountantâ€“,1
childrenâ€™s,1
without,1
oppt,1
savvy,1
ni,1
powerwashers,1
older,1
merchant,1
th,1
presenter,1
arcgis,1
mai,1
biostatistics,1
google,1
conditioning,1
nmgr,1
willard,1
lawrencville,1
jerse,1
salt,1
planting,1
champaign,1
pole,1
elkhart,1
tps,1
please,1
whose,1
hamilton,1
1765,1
schools,1
ckc,1
surveys,1
flavorist,1
handyman,1
portsmouth,1
deburr,1
folsom,1
houseparenting,1
westminster,1
rockville,1
running,1
brownsville,1
crosse,1
sol,1
wfm,1
light,1
syndicated,1
grill,1
105,1
yanceyville,1
059,1
kaizen,1
necessary,1
lndg,1
farmworkers,1
dry,1
pf,1
outsourcing,1
cio,1
technicianhme,1
worldship,1
bridgeport,1
clothing,1
homeless,1
knowledge,1
hygeine,1
10hr,1
wy,1
afghanistan,1
youth,1
4844,1
entitlement,1
sought,1
decorative,1
postings,1
rest,1
bethesda,1
man,1
convenience,1
cake,1
electric,1
availability,1
crotona,1
bellperson,1
chillicothe,1
girl,1
probation,1
cfy,1
4310,1
rph,1
billers,1
filament,1
urology,1
energies,1
korean,1
diagnostic,1
secretis,1
beautician,1
association,1
abc,1
clinton,1
beaumont,1
cascade,1
greenspoint,1
skating,1
yankton,1
cmp,1
benz,1
dp7816210,1
budgeting,1
fiancial,1
cromwell,1
52nd,1
metrology,1
grain,1
os,1
georgia,1
roundtree,1
critcal,1
differential,1
dp7801621,1
expedite,1
promenade,1
audi,1
merchandisers,1
through,1
360241,1
hydrogeologist,1
hillsborough,1
con,1
backstage,1
pride,1
tpa,1
caps,1
diagnostictechnician,1
maspeth,1
petersburg,1
ocala,1
col,1
closers,1
30a,1
toolmaker,1
preparedness,1
troubleshoot,1
berkeley,1
wilmington,1
e2e,1
rivera,1
funding,1
inspection,1
rf,1
farmers,1
mlt,1
assets,1
intake,1
bevg,1
sharps,1
cd,1
spokane,1
institute,1
lg,1
16e,1
volunteer,1
bartlett,1
saginaw,1
grievance,1
oilfield,1
lresponsible,1
limited,1
corporationis,1
coe,1
sheboygan,1
mailing,1
rdc,1
operatorscowan,1
49749,1
pen,1
fence,1
output,1
175,1
broad,1
vulnerability,1
aati,1
payoff,1
biltmore,1
wcf,1
renewable,1
pharm,1
compassionate,1
ducks,1
davie,1
limb,1
4781,1
female,1
jumpstart,1
presbyterian,1
biling,1
individual,1
die,1
ss,1
rda,1
backup,1
412,1
fairmount,1
teknor,1
haul,1
15e,1
roads,1
relatons,1
salaried,1
dcaa,1
4819,1
dl,1
regular,1
decorator,1
gallery,1
crossgates,1
metcalf,1
kept,1
harvest,1
kentuck,1
corrugate,1
chemicals,1
artillery,1
murfreesboro,1
150k,1
cnaâ€™s,1
leandr,1
maint,1
srns,1
niagara,1
pbm,1
covering,1
realpage,1
speaker,1
generallocal,1
burbank,1
28th,1
vendor,1
cool,1
cabinets,1
fulltime,1
seamstress,1
tmc,1
apn,1
respected,1
bartenders,1
scc,1
instituteemployment,1
adrc,1
vittitow,1
pcu,1
asc,1
arthur,1
ofc,1
dermatology,1
irving,1
granite,1
eugene,1
transformation,1
immigration,1
pine,1
interviewer,1
javascriptâ,1
textured,1
bend,1
fabricators,1
hunters,1
hanover,1
fatherhood,1
extruder,1
yr,1
norman,1
couple,1
lube,1
ci,1
3d,1
singles,1
temco,1
550,1
123,1
telecom,1
may,1
ro,1
aidesto,1
adns,1
237,1
way,1
marchon,1
transmission,1
roxbury,1
scm,1
emerald,1
oportunities,1
31st,1
hardscape,1
drilling,1
scholarships,1
scratch,1
cfp,1
secondary,1
hspp,1
prosperity,1
prinicipal,1
gameroom,1
investigator,1
beginning,1
anaheim,1
chiller,1
servicing,1
urbana,1
offshifts,1
shale,1
midlevel,1
414,1
pmhnp,1
rental,1
round,1
4741,1
jockey,1
elk,1
prototype,1
exploration,1
audio,1
workflow,1
counseling,1
tuesday,1
willowbend,1
resale,1
atc,1
indiv,1
adminasst,1
manhattan,1
hudson,1
circulator,1
stand,1
millcreek,1
meadows,1
4224,1
gathering,1
malden,1
wire,1
wedding,1
male,1
psych,1
formulation,1
rise,1
aba,1
winner,1
tri,1
sai,1
sew,1
stine,1
barber,1
pcm,1
fiat,1
dosimetrist,1
recognized,1
masonry,1
highland,1
saint,1
mazak,1
manufacture,1
callcenter,1
foreclosure,1
dewitt,1
dependable,1
vm,1
specialties,1
solo,1
adp,1
techimmediate,1
soldering,1
sunday,1
sampling,1
twp,1
hibernate,1
parce,1
jct,1
hanes,1
kenai,1
weight,1
qualifying,1
desire,1
devil,1
mainplace,1
kaplan,1
linwood,1
dietician,1
1800,1
crossland,1
remain,1
leandro,1
headhunter,1
esthetician,1
41191,1
sahara,1
carbon,1
fond,1
barclays,1
registrar,1
dvlpmt,1
exopack,1
their,1
kroll,1
bath,1
fpu,1
corn,1
tomball,1
shif,1
events,1
lanham,1
ebs,1
4694,1
cou,1
stable,1
apparatus,1
tekla,1
metrics,1
petrophysics,1
bayhill,1
planinng,1
melt,1
montville,1
secured,1
ipc,1
anchor,1
sparta,1
stansteel,1
vet,1
island,1
sharp,1
save,1
copa,1
pentagon,1
etherdrive,1
ups,1
jd,1
garland,1
methadone,1
holders,1
cnt,1
mitchell,1
deep,1
lawrenceville,1
q1,1
load,1
studio,1
cluster,1
barboursville,1
weights,1
wireframe,1
26,1
cryogenic,1
seeds,1
3445,1
chattanooga,1
waldorf,1
ter,1
lathes,1
craft,1
sod,1
schaumburg,1
tivo,1
substation,1
bicycle,1
hebert,1
signs,1
just,1
groundmen,1
nassacommitted,1
attorneys,1
proactive,1
41124,1
polygraph,1
scheduling,1
audits,1
citizens,1
emerging,1
bea,1
cvicu,1
departmenttech,1
enginee,1
hostling,1
bayada,1
torrance,1
largest,1
wkends,1
conduct,1
thursday,1
deferred,1
merchan,1
strong,1
oxmoor,1
famous,1
dealership,1
voice,1
wic,1
catonsville,1
wpcc,1
copywriter,1
datapower,1
signing,1
118693,1
rtl,1
cleaner,1
attendent,1
customerservice,1
03131202,1
piano,1
2848,1
lakewood,1
adminastrative,1
pe,1
diplom,1
selectors,1
whitehall,1
261,1
181st,1
borden,1
courier,1
2pm,1
2629,1
erectors,1
gi,1
presenters,1
gym,1
european,1
bonuses,1
3yrs,1
gainesville,1
mover,1
kendra,1
eau,1
iselin,1
fedex,1
prominent,1
freight,1
agement,1
donor,1
vsat,1
60559,1
count,1
quad,1
personality,1
bucyrus,1
genesee,1
irvi,1
knox,1
151,1
bel,1
novi,1
policy,1
48k,1
erie,1
gluer,1
qualifications,1
cvor,1
entrydp7795481,1
dum,1
huron,1
guards,1
diploma,1
benfit,1
combo,1
bright,1
consultan,1
rt,1
carpet,1
screenings,1
arboretu,1
manag,1
handling,1
supe,1
spirit,1
dioxide,1
electrican,1
consolidations,1
shear,1
flint,1
120,1
pernmanent,1
colorants,1
busines,1
applicatio,1
scanner,1
dade,1
jail,1
securitiewell,1
picking,1
regis,1
simulator,1
4829,1
sat,1
mesilla,1
hospitalist,1
avondale,1
winforms,1
simulation,1
memorial,1
hidalgo,1
opth,1
bpo,1
quoting,1
catawba,1
peachtree,1
educationnew,1
valparaiso,1
optimization,1
municipal,1
balance,1
plsql,1
hil,1
attention,1
informatica,1
ensa,1
johnson,1
underground,1
924,1
102,1
claire,1
mgm,1
welsh,1
focus,1
brace,1
foster,1
647,1
crater,1
lrc,1
mgmt,1
30pm,1
aztecelectric,1
wzzm,1
respect,1
salesman,1
amusement,1
ind,1
voices,1
quickbooks,1
levels,1
135k,1
hirin,1
extolled,1
beltway,1
meadowview,1
muscle,1
milk,1
preparation,1
westmont,1
orthopedics,1
permit,1
pcw,1
ful,1
wbs,1
select,1
parham,1
mt,1
respirato,1
fujifilm,1
mary,1
hie,1
act,1
sanitation,1
alaska,1
assistantlacy,1
wholesale,1
cpoe,1
yardman,1
laredo,1
ramkota,1
attleboro,1
segmentation,1
wavier,1
el,1
lawntechncians,1
foreign,1
biology,1
1776,1
fathead,1
primary,1
idm,1
rcis,1
preve,1
ios,1
cleaning,1
walker,1
perinatal,1
sterling,1
explearjet,1
mason,1
grinders,1
booming,1
brookwood,1
integrator,1
skill,1
newspaperearn,1
app,1
action,1
any,1
4ne,1
9am,1
innovation,1
attn,1
inspectors,1
hospitals,1
ces,1
hope,1
repairer,1
knuckle,1
internships,1
port,1
firstline,1
venture,1
lss,1
plus,1
originators,1
relocation,1
identity,1
ethanol,1
trng,1
ledger,1
anywhere,1
kindergarten,1
teleras,1
40hr,1
lancaster,1
ahead,1
acres,1
heartland,1
install,1
carpentry,1
dp7797781,1
adminstrator,1
youngsville,1
ur,1
hunter,1
collateral,1
kill,1
wasington,1
bccp,1
prestigious,1
rodney,1
eagleville,1
focused,1
geriatrician,1
tsii,1
accident,1
wrk,1
was,1
udrwrt,1
build,1
subsea,1
crossings,1
television,1
nucor,1
2231202,1
ki,1
scarlett,1
mps,1
christian,1
calgary,1
aurora,1
geriatric,1
lynwood,1
cosmeti,1
rubio,1
leonard,1
5s,1
538,1
moderator,1
chester,1
detox,1
trac,1
smeal,1
healthy,1
other,1
mcallen,1
branchburg,1
refinery,1
wharton,1
heigh,1
lpc,1
star,1
41180,1
6n,1
statistical,1
145krare,1
portrait,1
200k,1
frm,1
shannon,1
prof,1
sportsw,1
climbers,1
cm,1
glazier,1
iifrontier,1
10866,1
qtp,1
fp,1
seams,1
orthopaedic,1
cbo,1
sweet,1
again,1
livingston,1
cloverdale,1
hba,1
elearning,1
appellate,1
fnp,1
sterlington,1
classes,1
solidworks,1
tahms,1
ophthalmic,1
8n,1
netapp,1
117563,1
teague,1
defiance,1
petes,1
bathing,1
ota,1
flamingo,1
suport,1
bloomingdale,1
jet,1
18,1
madisonville,1
companies,1
included,1
parks,1
core,1
880,1
clea,1
assistan,1
sam,1
kingston,1
restire,1
coastland,1
gatherin,1
scientific,1
equal,1
olympia,1
islandia,1
11g,1
firewheel,1
many,1
camden,1
nut,1
12e,1
heart,1
ethical,1
driversowner,1
hl7,1
agricultural,1
121106,1
consult,1
technol,1
adjunct,1
subsidiary,1
tyler,1
duct,1
demonstrator,1
aftermarket,1
communicatins,1
searching,1
savannah,1
owndelivery,1
expâ€™d,1
biopharm,1
leaf,1
wood,1
formulator,1
apartments,1
torch,1
organ,1
welfare,1
buick,1
hurst,1
issue,1
gin,1
quotation,1
lane,1
history,1
olmsted,1
abap,1
custodian,1
tremont,1
diversity,1
bloomington,1
geotechnical,1
fingerprinted,1
testers,1
oe,1
byron,1
execution,1
calumet,1
