Healthcare Services,,
Retail,,
Manufacturing - Other,,
Computer/IT Services,,
Legal Services,,
Business Services - Other,,
Restaurant/Food Services,,
Transport and Storage - Materials,,
Food and Beverage Production,,
Insurance,,
Construction - Industrial Facilities and Infrastructure,,
Accounting and Auditing Services,,
Biotechnology/Pharmaceuticals,,
Education,,
Real Estate/Property Management,,
Staffing/Employment Agencies,,
Banking,,
Computer Software,,
Construction - Residential & Commercial/Office,,
Automotive and Parts Mfg,,
Engineering Services,,
Telecommunications Services,,
Financial Services,,
Energy and Utilities,,
Hotels and Lodging,,
Automotive Sales and Repair Services,,
Aerospace and Defense,,
Government and Military,,
Nonprofit Charitable Organizations,,
Security and Surveillance,,
Healthcare Services Other/Not Classified,,
Medical Devices and Supplies,,
Advertising and PR Services;Staffing/Employment Agencies;Business Services - Other,,
Management Consulting Services,,
Travel, Transportation and Tourism,
Advertising and PR Services,,
Computer Hardware,,
Printing and Publishing,,
Consumer Packaged Goods Manufacturing,,
Electronics, Components, and Semiconductor Mfg
Chemicals/Petro-Chemicals,,
Internet Services,,
Architectural and Design Services,,
Wholesale Trade/Import-Export,,
Travel, Transportation and TourismTransport and Storage - Materials,
Agriculture/Forestry/Fishing,,
RetailAdvertising and PR ServicesManagement Consulting Services,,
Entertainment Venues and Theaters,,
Personal and Household Services,,
Waste Management,,
Metals and Minerals,,
Sports and Physical Recreation,,
