Title,Clusters
adoption specialist,0
public relations specialist,0
maintenance supervisor,0
motivational speaker,0
senior department application specialist,0
career minded marketing specialist grow our virginia market,0
seasonal parks,0
production supervisor expanding automotive manufacturer,0
clerical specialist,0
procurement agent buyer,0
seamstress,0
physician internist family medicine,0
credentialing specialist,0
clinical dietitian,0
supervisor,0
maintenance mechanic,0
pta,0
crisis specialist,0
mortgage servicing specialist,0
bilingual spanish accountant i,0
kis information specialist info 003,0
sr specialist public relations,0
business development specialist,0
maintenance mechanic,0
crane operator brooklyn based construction co,0
housekeeper,0
community thrift store,0
provider contract specialist,0
recreation specialist,0
supervisor integrated case management,0
bodily injury claims specialist blue bell pa,0
maintenance mechanics,0
associate department application specialist distribution system,0
engineering,0
verification agent,0
entitlement supervisor,0
clinical systems database systems specialist,0
supply demand forecast analyst,0
sr administrative specialist resr 014,0
specialist,0
engagement specialist,0
hvac residential installers,0
production supervisor melt,0
quality assurance supervisor,0
provider relations rep,0
editor expd editor for small community based publications,0
diesel truck mechanic,0
environmental safety specialist,0
chief costing officer global chemical manufacturer,1
mold repair,1
wire edm operator,1
bicycle plant personnel,1
accounting clerk bookkeeping,1
chief petroleum economist audit master,1
agency support personnel,1
estimator,1
callcenter college advisor,1
academic advisor i,1
allentown area,1
electric pallet jack operator livermore,1
cook northport east northport ufsd effective asap,1
instructor of physics,1
nuclear plant instructor chemistry plant hatch,1
master electrician,1
reception adminasst,1
cafe prep cook,1
master automotive diagnostictechnician,1
resource advisor 10e seattle wa,1
accounting,1
bmet,1
progressive tool maker,1
heavy duty diesel mechanics,1
service advisor,1
manufacturing,1
driver,2
general warehouse,2
roofers,2
truck driver owner operators,2
psychiatric nurse practioner,2
machinist cnc milling cnc manual lathe shop supervisor,2
registered nurse rn,2
nurse practitioner,2
community health nurse,2
warehouse driver pt,2
warehouse clerk,2
driver,2
dentist,2
machinist cnc operator,2
computer drupal developer,2
registered nurse rn evening nights,2
staff nurse cardiac cath lab resource pool,2
registered nurse rn evening nights,2
registered nurse rn evening nights,2
registered nurse rn evening nights,2
residential construction superintendent,2
shipping receiving clerk,2
registered nurse rn evening nights,2
driver,2
utility contractor,2
sr auditor,2
registered nurses,2
cnc machinist,2
clinical nurse specialist emergency,2
warehouse dp7797781 material handlers equip,2
daily content editor,2
driver,2
dentist endodontist,2
registered nurse,2
telephone operator,2
nurse,2
property management self storage couple,2
registered nurse i,2
graduate nurse,2
driver class a,2
shipping clerk,2
computer room operator,2
machinist,2
computer,2
tractor trailer driver,2
warehouse workers,2
auto service positions lg vol,3
social services behavioral technician,3
strain gage technician,3
auto,3
service technician,3
commercial hvac technician,3
maintenance technician,3
senior automotive technician,3
forklift operator,3
security ofc,3
foreman,3
test validation technician,3
stability technician,3
equipment maintenance technician iii,3
environmental hazardous waste field technician,3
environmental hazardous waste field technician fargo nd,3
electronic test technician,3
forklift operator,3
environmental hazardous waste field technician,3
environmental hazardous waste field technician,3
painter,3
sourcing professional columbia md,3
night copy coordinator the leaf chronicle,3
dental lab technician,3
temporary faculty positions,3
hvac r mechanic,3
pharmacy technician i,3
hvac service technician,3
um coordinator ii temporary,3
servers 5 years current experience ft all shifts,3
ins collections reps ins collections reps min of 3yrs exp,3
test technician,3
relay technician,3
technician,3
laboratory technician,3
autocad drafter,3
supply chain support technician,3
auto mechanic min 15 yrs exp with foreign cars,3
electro mechanical technician,3
automotive 2 immediate positions available,3
radiologist ft pt,3
printing flexo ink technician,3
installation technician st louis mo 8n,3
substance abuse rn dr or rn substance abuse exec dr,3
operation technician,3
painter,3
automotive mechanic,3
electronics technician entry level,3
auto mechanic nassau suffolk,3
telemarketer,3
quality technician,3
sales inside sales person,4
maintenance handyman electrican refrigeration,4
resident care coordinator mds must be rn,4
sales representative home health services,4
sales manager hardware retail,4
prestigious regional cpa firm seeks tax and audit professionals,4
auto sales penn toyota is expanding their sales staff,4
entry level sales,4
collections medical collector wanted for growing radiology,4
inside phone sales f t med supplies,4
massage therapists sales leads cosmetologists great careers a,4
member representative,4
finance insurance investment sales,4
sales packaging products,4
entry level pharmaceutical sales medical sales,4
sales rep,4
patient service representative,4
sales representative,4
sales manager,4
entry level pharmaceutical sales medical sales,4
flexible packaging sales rep,4
internet auto sales rep,4
life insurance sales from home free leads,4
rn behavioral and medical um reviewer,4
corporate recruiter recruit sales professionals creatively,4
outside sales digital search online advertising sales,4
director of sales and business development n america,4
recruiting specialist sales relationship savvy recruiter,4
sales manager lead our insurance agents to success,4
security reporter covering fast paced high tech industry,4
outside sales â€“ digital and print advertising sales,4
area sales manager oklahoma city,4
telephone sales professional,4
inside sales,4
accounts receivable coordinator,4
account representative,4
outside sales representative large national corporation,4
senior director of sales and business development,4
outside sales representative,4
service unit insurance follow up representative,4
customer service representative,4
call center representative,4
sales representative,4
telemarketing outbound sales representative,4
call center representative,4
biotech instrumentation sales capital equipment sales,4
associate physical security technician 6n los angeles,4
women s healthcare medical sales obgyn gynecology sales,4
outside sales representative all,4
distribution sales manager i,4
inside sales development representative var,4
hospice homecare wrk frm home rn clincl edctr,4
sales professional senior living community,4
construction inspector,4
medical device diabetes sales,4
crc customer service representative i,4
information security sales engineer 16e,4
retail sales representative,4
sales representative pittsburgh pa,4
sales representative islandia ny,4
customer service representative media pa,4
sales representative new york ny,4
sales representative sugar land tx,4
sales representative bowie md,4
customer service representative norman ok,4
sales representative columbia md,4
sales representative berkeley heights nj,4
sales representative keller tx,4
sales representative milwaukee wi,4
customer service representative phoenix az,4
director of digital sales,4
account executive agency sales,4
sales representative murfreesboro tn,4
life insurance sales from home free leads,4
sales representative bowie md,4
sales career open house warrenville il,4
sales engineer,4
sales manager,4
sales engineer,4
sales operations analyst,4
sales solutions engineer,4
sales coach,4
sales representative philadelphia pa,4
tool and die technicians,4
inside sales account executive,4
sales representative cromwell ct,4
sales representative hunt valley md,4
sales representative acton ma,4
sales representative sparta nj,4
sales representative rockville md,4
security administrator,4
inside sales a proven winner in the electronic industry,4
customer service representative,4
sales representative finance insurance and investment sales,4
sales associate at world famous copa cabana,4
teller csr teller csr landmark bank seeks the following position,4
phone representative,4
ase aati certified tech,4
sales sales manager,4
sales after sales watchmaker seeking individual for our american,4
sales support representative,4
electrician helper needed min 3 yr journeyman commercial,4
account receivable associate,4
new sales are you a closer,4
sales position,4
vacation sales natural closers wanted exp d sales pros,4
sales account rep now hiring pt ft,4
sales agents,4
sales consultant,4
automotive sales,4
unifed communications architect any major market,4
city of oakland park volunteer coordinator pt high school diplom,4
printing sales,4
outside sales consultant,4
region business manager sales rep genetic testing,4
sales marketing manager,4
inside sales telemarketing sweet voices energetic positive,4
automotive service tech,4
industrial outside sales representative,4
clinical liaison marketing,4
inside sales day shift,4
hardware store manager sales stock associate,4
teacher aichhorn school certified teachers all subjects 2 loca,4
ac positions foreman mech helper tech sales estimator,4
field representative field representative for large rehabilitati,4
inside sales and marketing,4
sales mgmt sales no experience needed,4
duct foreman mechanics trainees,4
auto sales,4
club timeshare sales professionals,4
timeshare closing reps vacation village resorts seeks,4
receptionist ma,4
think geek survey data analyst,5
machinist trainee,5
a r clerical established ronkonkoma co,5
systems administrator,5
drivers class a cdl,5
drivers,5
litigation support analyst,5
industry practice lead commercial markets,5
revit mep pipers,5
drivers cdl a or b tri state year round hand truck,5
medical assisting and medical billing coding instructors,5
concrete worker,5
business analyst records management,5
electrical designer,5
site planning designer,5
cdl drivers,5
senior financial analyst,5
chief financial officer,5
cad designer,5
drivers,5
service plumber wanted 20 years experience good dl,5
team sell analyst,5
aba counselor education,5
drivers,5
network and computer systems administrators,5
secretary westbury location leading membership association seeks,5
sr accountant,5
oracle dba,5
sr analyst field services,5
parts inspector west,5
computer systems analyst,5
programmer analyst advanced,5
first empire securitiewell established institutional broker deal,5
data analyst,5
sr business analyst,5
travel seasonal staff,5
real estate research analyst,5
sr risk analyst,5
rigger machinery mover class a cdl req forklift exp,5
sr middleware j2ee developer,5
distribution analyst,5
testing analyst,5
dean of institutional advancement,5
interior designer,5
oe shared services implementation project analyst,5
medical front desk for busy queens ent offices,5
drivers class a,5
driver cdl class b large beverage distributor maspeth,5
risk management unique growth opportunity risk man agement major,5
medical clerk,5
sr sql programmer analyst healthcare industry standards,5
legal secretary,5
medical reception billing,5
financial analyst whose excel is extolled,5
chief financial officer,5
drivers,5
business intelligence analyst boston dover nh and portsmouth,5
regional practice administrator,5
front desk,5
medical dental vision claims processor examiner,5
healthcare chief medical officer,5
sw developer analyst with data flow diagram and req gatherin,5
psychics,5
care transition coach,5
business intelligence data analyst dover nh,5
chemist analyst,5
se regional drivers,5
data entrydp7795481 data entry basic knowledge of accounting,5
dialer unit collector auto finance industry hurst,5
hr records administrator,5
design engineer oilfield equipment,6
instrumentation engineer,6
transmission engineer,6
project engineer,6
civil engineer,6
electrical engineer,6
engineer site design plant hatch,6
elctro mechanical assembler,6
geotechnical engineer,6
planner,6
sr mobility engineer,6
project engineer,6
lead corporate accountant,6
obiee architect,6
quality engineer,6
utilization mgm coord,6
prinicipal hardware engineer 15e,6
capital equipment design engineer 2500 referral award,6
product principle engineer,6
qa systems engineer performance,6
network engineer learn from the best,6
informatica etl lead,6
software engineer entry level,6
planner,6
sr mfg engineer,6
sr manufacturing engineer,6
product development engineer sr team lead,6
manufacturing engineer,6
mechanical engineer,6
mechanical engineer,6
construction field engineer,6
controls engineer,6
senior electrical engineer,6
occupational therapist,6
electrical engineer,6
maintenance engineer,6
mechanical design engineer,6
electro mechanical engineer,6
configuration engineer,6
process engineer,6
i c engineer,6
mechanical engineer,6
electrical design engineer,6
electrical engineer,6
maintenance engineer,6
systems engineer,6
senior field engineer,6
electronic engineer,6
controls engineer,6
product development engineer sr team lead hvac,6
mechanical project engineer,6
integration engineer,6
sr software quality engineer global operations,6
senior mechanical design engineer,6
tire development engineer,6
electrical engineer power systems,6
senior software engineer,6
quality engineer,6
sr software engineer,6
enterprise professional services engineer,6
senior information assurance engineer,6
software engineer paypal web infrastructure,6
news anchor spanish language television,6
process engineer,6
engineer civil,6
lead software engineer embedded systems,6
mechanical engineer,6
security officers security guards,6
senior systems engineer,6
systems engineer i,6
senior manufacturing engineer machining,6
user interface engineer,6
direct repair tlc administrator warrenville il,6
r d engineer senior i,6
sr software engineer big data,6
manuacturing engineer plastic extrusion,6
senior design engineer manufacturing,6
project engineer equipment and application systems,6
engineering compliance engineer,6
welding mig welders,6
sr software quality engineer global operations,6
cashier hiring event,6
principal embedded software engineer,6
java j2ee software engineer developer,6
mechanical engineer,6
software engineer,6
lead patient coordinator,6
wm quality engineer,6
integration engineer,6
quality engineer,6
petroleum engineer,6
integration engineer,6
software test engineer manual tester,6
application project engineer,6
mechanical design engineer,6
claims resolution rep,7
maintenance manager world leader in beverage manufacturing,7
sustaining manager,7
senior manager event analytics,7
district director and store manager and assistant manager,7
group coordinator,7
hospital,7
shared services senior project manager,7
human resource manager â€“ automotive parts manufacturer,7
sr customer service program manager â€“ fast growing leader,7
receptionist,7
clinical case manager i,7
manager healthcare services medicare,7
marketing manager,7
quality assurance manager,7
scheduler,7
operations manager,7
technical project manager mobile,7
supervisor food operations and support services,7
product manager,7
project program manager i verification and logistics,7
regional hse manager chemicals,7
account manager local,7
insurance agents,7
human resource manager mfg plant start up food cpg pharma,7
complex case manager i,7
food beverage director,7
engineering change manager,7
manager network management,7
on site manager,7
multi unit general manager,7
claims adjuster trainee national boca firm entry level,7
plant manager,7
human resources manager,7
account manager are you ambitious and proactive,7
resort general manager,7
sr product marketing manager,7
driver helpers part time 8 12 hr 25 30 hrs wk,7
general office,7
mail sorters,7
logistics and distribution warehouse worker,7
warehouse manager 10e,7
senior compensation manager lead our driven team,7
enterprise program manager supply chain planning saas solution,7
contracts administrator,7
district regional manager,7
managing director legal advocacy,7
hr coordinator,7
technical performance manager syracuse ny 12e,7
managing director high profile client relationship manager,7
restaurant manager subway s looking for experienced managers wit,7
dental office manager orthonditic office treatment co ordinato,7
financial aid coordinator,7
partner alliance manager,7
licensed administrator commonwealth assisted living seeks,7
spring is near and we re planting new seeds are you,7
automotive dp7801621 manager hampton roads largest exhaust,7
restaurant assistant manager 35k 45k total compensation,7
quality manager,7
digital account manager usa today advertising,7
project manager,7
senior buyer,7
maintenance manager,7
business development manager,7
contract manager,7
enterprise cross platform engineering manager vm ware,7
business manager,7
corporate safety director,7
restaurant manager,7
bodily injury claims team manager lake mary fl,7
retail store manager,7
manager software engineering,7
internet marketing manager,7
cost accounting manager,7
senior it project manager,7
senior referral underwriter property,7
large market senior client service manager,7
director,7
mid market client service manager,7
plant operations supervisor,7
aerospace controller cpa direct hire,7
quality systems manager,7
resident services coordinator,7
field auto damage appraiser southern ohio and northern kentuck,7
field service manager,7
it project manager,7
telephonic medical disability case manager rn syracuse,7
field operations manager property management,7
project manager,7
f i manager,7
production scheduler,7
process development techncian,7
receptionist,7
materials manager,7
program manager,7
lead merchandise room coordinator macys com,7
highway drainage project manager,7
project manager,7
project manager squad leader,7
project manager,7
restaurant manager 35k to 40k total compensation,7
retail assistant manager 40k 50k total compensation,7
retail general manager relocatable 60k 70k total compens,7
retail assistant manager 40k 50k total compensation,7
restaurant assistant manager 35k 45k total compensation,7
automotive account rep,7
retail assistant manager 40k 50k total compensation,7
tire service facilities maintenance manager 40k 50k tota,7
retail general manager relocatable 60k 70k total compens,7
retail assistant manager 40k 50k total compensation,7
registered nurse case manager spn,7
h w benefits delivery manager,7
truck,7
part time account manager,7
quality manager plastic packaging,7
auto techimmediate opening european repair facility looking for,7
project manager 10 month minimum project,7
business development manager staffing industry,7
senior flavorist,7
condo manager part time,7
tire service facilities maintenance manager 40k 50k tota,7
purchasing manager,7
director of health fitness rec,8
graphic artist,8
customer liason,8
medical assistant,8
health professional social worker,8
recruiter,8
recruiter,8
dental assistant,8
outbound account executive,8
administrative personal assistant,8
occupational therapist assistant cota full time,8
medical assistant,8
lpn certified medical assistant,8
executive assistant,8
fiancial assistant investment operations,8
legal assistant,8
quotation customer service assistant,8
doctor recruiter,8
administrative assistant,8
auto damage appraiser providence ri,8
permanent placement recruiter,8
technical recruiter capital markets,8
technical recruiter,8
permanent placement recruiter,8
pernmanent placement recruiter entry level,8
recruiter recruit assistant,8
assistant network administrator,8
executive director senior living,8
senior regulatory accountant,8
administrative assistant riverton ut,8
senior recruiter irving tx,8
physician assistant aprn urgent care clinic,8
nursing staffing scheduler,8
executive administrative assistant,8
project cost analyst lead birmingham al,8
gs product picker,8
clerk assistant,8
dental assistant receptionist,8
nursing assistant,8
microsoft exchange administrator,8
mammography technologist,8
education vacancies,8
dental assistant,8
clerk assistant,8
physical therapist home health,8
on air video talent wanted 175 per day,8
it technical recruiter trainee,8
certified medical assistant,8
aprn,8
certified nursing assistant full time,8
recruiter,8
administrative assistant,8
administrative assistant in medical office,8
general labor dp7816210 the fastest growing home electronics,8
micro lab tech sampler,8
nurse practitioner physician assistant,8
administrative office assistant,8
executive assistant,8
internet commerce,8
timeshare professionals,8
executive recruiter a f,8
senior accountant,8
project leader commercial markets product management,8
bilingual case worker trac,8
account development executive,8
executive administrative assistant,8
payroll human resources coordinator,8
cost accountant,8
head dental assistant,8
senior accountant,8
mortgage documentation,8
administrative assistant with top secret clearance,8
assistant professor,8
shift supervisor ethanol plant,9
director of operations,9
residential services coordinator,9
hvac service tech,9
dean of library services,9
cap or cac counselors full time cap or cac counselors needed t,9
regional managed care director,9
meat cutter full time part time min,9
entry level time to climb the ladder sales marketing,9
media planner director,9
case mngr support coord,9
dns substance abuse rn or rn case nmgr aprn care mgr lcsw,9
mechanical designer drafter,9
career opportunity career oppt,9
gila regional medical centercome work with us positions currentl,9
transition assistance and home modification services tahms spe,9
gila regional medical centercome work with us positions currentl,9
job fair coming to your area,9
trades industry machining teacher full time beginning,9
senior software instructor 13e,9
job fair coming to your area,9
opportunities coming to your area for store managers,9
associate firstline technician st louis mo 5n,9
lab tech,9
licensed health insurance agents call today salary commissio,9
make a difference in the life of a senior become a caregiver,9
tax accountant great opportunity for the generalist,9
senior sql database engineer dive deep into a large code base,9
lead engineer early stage vc backed software services startup,9
account ace salary commission bonus 45 000 80 000,9
manufacturing resource leader quality,9
senior systems programmer oracle dba supporting was z os md,9
database administrator ii,9
sr java j2ee developer with section 508 md us,9
distribution coordinator part time,9
otr driver class a cdl 5 years exp clean driver s,9
clinical database programmer,9
food servers cooks senior living community,9
marketing content strategist internship,9
benchmark has work for you,9
tire service facilities maintenance manager 60k 70k tota,9
mechanical field inspector iii fire protection,9
database developer ii,9
plant engineering and maintenance supervisor,9
staff it change management and control,9
social media marketing intern,9
call center operations supervisor,9
executive director s,9
licensed psychologist licensed clinical social worker lpc,9
city of north lauderdale code compliance officer salary,9
di k instructors needed dade broward palm beach county,9
industrial field serv tech charlotte,9
provider service rep ii,9
care coordinator,9
lpn ma 8 00am to 3,9
lpn ma 8 00am 5 00pm,9
division chief for the environmental monitoring division,9
macy s columbia mall columbia md retail loss prevention secur,9
plumbers needed,9
macy s cross county yonkers ny retail commission sales associ,9
macy s fairfield commons beaver creek oh retail commission sa,9
macy s cross county yonkers ny retail visual merchandiser fu,9
macy s peninsula town center hampton va,9
macy s biltmore fashion park phoenix az retail better sportsw,9
macy s chesapeake square chesapeake va retail sales associate,9
macy s voorhees town center voorhees nj retail sales associat,9
macy s westmoreland greensburg pa receiving team manager,9
macy s independence center independence mo retail cosmetics s,9
macy s metcalf south overland park ks vp store manager,9
macy s wolfchase galleria bartlett tn retail commission sales,9
macy s walden galleria cheektowaga ny retail commission sales,9
macy s easton town center columbus oh retail commission sales,9
macy s orland square orland park il retail support associate,9
macy s huntington barboursville wv retail fine jewelry commis,9
macy s gandy furniture gallery tampa fl retail commission sal,9
macy s oak court memphis tn retail cosmetics sales beauty a,9
macy s viewmont scranton pa retail commission sales associate,9
macy s chesterfield mall chesterfield mo retail sales associa,9
macy s village at fairview fairview tx retail sales better sp,9
macy s macy s landmark alexandria va sales manager,9
macy s somersville towne center antioch ca visual manager,9
macy s alton square alton il retail sales associate part tim,9
macy s paramus park paramus nj retail sales associate career,9
macy s rosedale furniture roseville mn sales manager,9
macy s hawthorn center vernon hills il retail cosmetics sales,9
macy s summit akron oh retail sales associate career fair,9
macy s greenspoint houston tx retail door guard part time,9
macy s summit fair lee s summit mo starbucks barista part t,9
macy s the galleria ft lauderdale fl retail support associat,9
macy s easton town center columbus oh retail cosmetics sales,9
macy s peachtree columbus ga administrative support team supe,9
macy s summit fair lee s summit mo retail cosmetics sales b,9
macy s firewheel town center garland tx retail sales associat,9
macy s boca town center boca raton fl retail sales associate,9
macy s sherwood stockton ca retail cosmetics sales beauty a,9
macy s tyson s galleria mclean va retail cosmetics sales be,9
stone mountain ga macy s transportation analyst small parce,9
macy s boynton beach mall boynton beach fl retail support ass,9
macy s chula vista center chula vista ca retail cosmetics sal,9
macy s great northern north olmsted oh merchandise team manag,9
macy s paramus furniture paramus nj retail furniture bedding,9
macy s post oak college station tx retail cosmetics sales b,9
macy s manhasset manhasset ny retail loss prevention security,9
macy s cherry creek denver co retail commission sales associa,9
macy s aventura mall aventura fl visual manager,9
macy s broward plantation fl receiving team manager,9
macy s connecticut post milford ct gift registry consultant,9
macy s pompano citi centre pompano beach fl retail cosmetics,9
macy s ingram park san antonio tx retail support merchandis,9
macy s southpark center strongsville oh retail cosmetics sale,9
macy s northgate san rafael ca retail sales associate part t,9
macy s galleria at crystal run middletown ny retail sales ass,9
macy s dadeland miami fl retail sales associate career fair,9
macy s market place champaign il loss prevention security det,9
macy s tuttle crossing columbus oh retail commission sales as,9
macy s carriage crossing collierville tn retail commission sa,9
macy s easton town center columbus oh retail support associat,9
macy s hudson valley kingston ny retail sales associate caree,9
macy s galleria at crystal run middletown ny sales supervisor,9
macy s south towne center sandy ut assistant loss prevention,9
macy s bedford bedford nh retail cosmetics sales beauty adv,9
macy s stonebriar centre frisco tx sales supervisor,9
macy s westfield mainplace santa ana ca retail visual merchan,9
macy s stamford town center stamford ct retail sales associat,9
macy s westfield solano fairfield ca retail cosmetics sales,9
macy s cross creek fayetteville nc retail commission sales as,9
macy s rivertown crossings grandville mi sales manager,9
macy s oakbrook center oakbrook il retail sales associate car,9
macy s aventura mall aventura fl retail loss prevention secur,9
sas programmers senior clinical database programmer sas sd,9
aircraft tech ii 5 new openings,9
aircraft ground support equipment gse tech ii,9
vice president of major accounts,9
java developer,9
pulp paper industry jobs engineering to managment to hourly,9
full part time management now hiring experienced management,9
dental office biller and case presenter,9
purchasing senior buyer jr buyer clerk,9
sales telemarketing positions for janitorial services company,9
customer service,9
servicemaster restoration carpet tech,9
temp a c estimating ass t f t 3 months complete support,9
bookkeeper full charge f t non profit adult community,9
collections fulll time and part time,9
special advertising sectioexperience the newsday careerbuilder,9
ahrc nassacommitted to enriching the lives of people with,9
physical therapist needed for small nursing facility on,9
medical biller p t needed for busy multi doctor medical,9
sales attention seeking 5 7 individuals for an on going teleco,9
nursing snf needs ft adns per diem rn supervisors all,9
restaurant servers hosts full time part time apply in person,9
rn or opth rn needed busy asc m f days 2 positions avail mai,9
director of business development,9
physician s assistant nurse practitioner f t bnfts,9
medical secretary f t receptionist f t m f 9 5pm high vol cardi,9
technical trainer holtsville ny ho penn the caterpillar,9
electronic tech f t days troubleshoot analog digital pcb s,9
mri mri travel technologist f t p t full time and,9
application developers in va beach va,9
maintenance helper dp7810091 p t must be hv a,9
doorman bellperson p t upscale garden city condo seeks door bel,9
macy s la plaza mcallen tx retail sales associate part time,9
2nd shift transportation warehouse supervisor,9
operations financial analyst ch 148 s 300,9
macy s the marketplace rochester ny retail sales associate f,9
macy s windward kaneohe hi retail cosmetics sales beauty ad,9
macy s altamonte altamonte springs fl retail sales associate,9
macy s hanes winston salem nc retail sales associate career f,9
macy s easton town center columbus oh gift registry consultan,9
macy s mayfair wauwatosa wi retail commission sales associate,9
macy s galleria at pittsburgh mills tarentum pa retail commis,9
macy s florida mall orlando fl retail sales associate part t,9
macy s grand traverse traverse city mi retail cosmetics sales,9
macy s los cerritos center cerritos ca retail cosmetics sales,9
macy s columbia grand forks nd retail cosmetics sales beaut,9
customer service clerk,9
now hiring all staff including kitchen servers hosts,9
all time exterminating is taking applications for certified,9
field auto damage appraiser indianapolis in,9
internal wholesaler the life company dover nh,9
lehighvalley s newspaperearn money,9
2nd shift fabrication supervisor,9
ekg tech ii,9
software developer senior,9
life insurance sales from home to 58 500 no cold calling,9
nursing supervisor surgery,9
director regulatory affairs,9
full time hospital sharps service specialist,9
principal software developer,9
job fair opportunities available immediately,9
senior vocational rehabilitation consultant cascade production,9
architectural draftsperson,9
auto damage appraiser metro west ma,9
senior interactive web designer boston ma,9
senior specialist marketing communications boston ma,9
call center feild relations director,9
phone ace top vacation room in the city here we grow again,9
portland tn macy s direct to consumer fulfillment center war,9
macy s northgate san rafael ca retail cosmetics sales count,9
macy s south bay galleria redondo beach ca administrative sup,9
macy s woodfield schaumburg il retail sales associate part t,9
macy s mayfair wauwatosa wi retail commissioned sales associa,9
macy s roosevelt field garden city ny retail cosmetics sales,9
macy s roosevelt field garden city ny retail cosmetics sales,9
macy s deerbrook humble tx retail cosmetics sales beauty ad,9
macy s coastland center naples fl merchandise team manager,9
macy s georgia square athens ga sales supervisor,9
macy s perimeter atlanta ga sales manager,9
macy s northpark center dallas tx loss prevention manager,9
macy s galleria mall at sunset henderson nv sales supervisor,9
macy s oxmoor center louisville ky assistant store manager,9
macy s grand traverse traverse city mi retail commission sale,9
macy s genesee valley center flint mi retail sales associate,9
macy s walden galleria cheektowaga ny retail cosmetics sales,9
macy s tuttle crossing columbus oh retail support career fair,9
macy s tuttle crossing columbus oh retail men s clothing comm,9
macy s stonebriar centre frisco tx retail commission sales,9
macy s harrisburg east harrisburg pa retail commission sales,9
macy s quaker bridge lawrenceville nj retail sales associate,9
macy s tacoma furniture tacoma wa retail commission sales ass,9
macy s stonebriar centre frisco tx administrative support tea,9
macy s stonebriar centre frisco tx retail furniture bedding c,9
macy s south bay galleria redondo beach ca administrative sup,9
macy s hilldale madison wi retail cosmetics sales associate,9
macy s river oaks center calumet city il retail commission sa,9
macy s village at fairview fairview tx retail support associa,9
macy s downtown st paul st paul mn retail cosmetics sales,9
macy s international miami fl retail cosmetics sales beauty,9
macy s dayton mall dayton oh receiving team manager,9
macy s somersville towne center antioch ca loss prevention se,9
macy s south coast plaza home costa mesa ca gift registry con,9
macy s dallas galleria dallas tx retail support associate fl,9
macy s rosedale center roseville mn retail sales associate p,9
macy s ingram park san antonio tx retail cosmetics sales be,9
warehouse associate forklift â€“ 2nd shift up to 18 per hour,9
warehouse management trainee 1st shift up to 23 per hour,9
now hiring all positions bagel deli rest,9
marketing social media intern,9
registered nurse full time smc,9
registered nurse rn en part time,9
account specialist pompano beach florida,9
macy s the falls miami fl retail visual merchandiser,9
macy s deerbrook humble tx commission sales associate men s,9
macy s south hills village pittsburgh pa retail sales associa,9
macy s queens center elmhurst ny retail cosmetics sales cou,9
macy s the marketplace rochester ny retail sales associate p,9
macy s maplewood mall maplewood mn retail cosmetics sales b,9
macy s south county center st louis mo retail cosmetics sale,9
macy s crossroads center st cloud mn retail cosmetics sales,9
macy s woodlands the woodlands tx retail sales associate full,9
macy s del amo torrance ca retail sales associate full time,9
macy s northpark center dallas tx retail cosmetics sales co,9
macy s plaza at west covina west covina ca retail cosmetics s,9
macy s millcreek erie pa sales supervisor,9
macy s northridge fashion center northridge ca retail cosmeti,9
macy s dadeland miami fl retail commissioned sales associate,9
macy s la cumbre plaza santa barbara ca retail sales associat,9
macy s empire sioux falls sd retail sales associate part tim,9
macy s valley view roanoke va retail sales associate full ti,9
macy s moreno valley mall moreno valley ca retail cosmetics s,9
macy s eagle rock plaza los angeles ca retail sales associate,9
macy s fashion square saginaw mi restaurant server flex tea,9
macy s spotsylvania fredricksburg va retail cosmetics sales,9
macy s melbourne square melbourne fl retail commission sales,9
macy s fairfield commons beaver creek oh retail commission sa,9
macy s florida mall orlando fl retail cosmetics sales beaut,9
macy s streets of south point durham nc retail sales associat,9
macy s east brunswick mall east brunswick nj retail commissio,9
macy s town center plaza leawood ks administrative support te,9
macy s downtown portland portland or retail cosmetics sales,9
macy s roosevelt field garden city ny merchandise team manage,9
macy s dallas galleria dallas tx retail cosmetics sales bea,9
macy s colonie center albany ny retail support career fair,9
macy s hampton bays mall hampton bays ny sales manager,9
macy s valley fair west valley city ut retail cosmetics sales,9
macy s magic valley twin falls id retail sales associate ful,9
macy s westfield capital olympia wa retail cosmetics sales,9
macy s washington square tigard or retail cosmetics sales b,9
macy s great lakes mentor oh retail sales associate career fa,9
macy s south beach miami beach fl retail support associate f,9
macy s vancouver mall vancouver wa retail cosmetics sales b,9
macy s cool springs galleria franklin tn state fulfillment a,9
macy s brookwood village birmingham al retail sales associate,9
macy s fair oaks ii fairfax va retail commission sales fine,9
macy s the galleria ft lauderdale fl retail sales associate,9
macy s kitsap silverdale wa retail sales associate full time,9
macy s westfarms farmington ct retail sales associate career,9
macy s green acres valley stream ny retail sales associate ca,9
macy s commack mall commack ny retail sales associate career,9
macy s shops at river park fresno ca retail cosmetics sales,9
macy s belmont center belmont ma retail sales associate caree,9
macy s bedford bedford nh retail sales associate career fair,9
macy s northbrook court northbrook il retail cosmetics sales,9
macy s burlington town center burlington vt retail sales asso,9
macy s rotterdam square schenectady ny retail sales associate,9
macy s galleria at pittsburgh mills tarentum pa retail cosmet,9
macy s pentagon city arlington va retail commission sales f,9
macy s danbury fair danbury ct retail sales associate career,9
macy s white plains galleria white plains ny retail sales ass,9
macy s burlington mall burlington ma early morning retail sup,9
macy s crossgates albany ny retail sales associate career fai,9
nurse rn s lpn s f t p t per dem all shifts needed,9
macy s jefferson valley yorktown heights ny retail loss preve,9
macy s great lakes mentor oh retail commission sales associat,9
macy s marley station glen burnie md retail commission sales,9
macy s houston galleria at hidalgo houston tx retail sales as,9
macy s harrisburg east harrisburg pa retail sales associate,9
macy s polaris fashion place columbus oh retail commission sa,9
macy s st charles town center waldorf md retail sales associ,9
macy s spotsylvania fredricksburg va retail sales associate,9
macy s columbia mall columbia md retail sales associate full,9
macy s eastwood niles oh retail sales associate full time pa,9
macy s dallas galleria dallas tx retail loss prevention secur,9
macy s providence mall providence ri retail sales associate,9
macy s coral square coral springs fl retail door guard part,9
macy s town center kennesaw ga retail lead loss prevention se,9
macy s broadway square tyler tx retail commission sales fin,9
macy s ft lauderdale furniture ft lauderdale fl retail comm,9
macy s dartmouth north dartmouth ma retail support associate,9
macy s northgate durham nc retail sales associate full time,9
macy s st louis galleria st louis mo retail support associa,9
macy s emerald square north attleboro ma retail cosmetics sal,9
stone mountain ga customer fulfillment center working super,9
macy s westmoreland greensburg pa retail commission sales car,9
macy s oak court memphis tn retail sales associate career fai,9
portland tn direct to consumer fulfillment center manager h,9
portland tn direct to consumer fulfillment center manager h,9
macy s downtown sacramento sacramento ca wedding gift regis,9
macy s pompano citi centre pompano beach fl retail cosmetics,9
macy s ohio valley st clairsville oh retail support mercha,9
macy s ohio valley st clairsville oh retail support signing,9
macy s downtown brooklyn brooklyn ny alterations tailor seams,9
macy s stratford square bloomingdale il retail commission sal,9
macy s westland mall westland mi loss prevention security fl,9
macy s downtown st paul st paul mn restaurant sales associa,9
macy s pompano citi centre pompano beach fl retail sales asso,9
macy s parkdale beaumont tx retail cosmetics sales beauty a,9
