Title,clusters
clinical database programmer,0
micro lab tech sampler,0
hardware store manager sales stock associate,0
resort general manager,0
bicycle plant personnel,0
plant engineering and maintenance supervisor,0
community thrift store,0
program manager,0
tractor trailer driver,0
corporate safety director,0
lab tech,0
driver helpers part time 8 12 hr 25 30 hrs wk,0
sales after sales watchmaker seeking individual for our american,0
callcenter college advisor,0
accounting,0
pta,0
electrician helper needed min 3 yr journeyman commercial,1
account receivable associate,1
executive director s,1
division chief for the environmental monitoring division,1
sales agents,1
drivers,1
restaurant manager,1
career opportunity career oppt,1
nurse,1
supervisor,1
new sales are you a closer,1
internet auto sales rep,1
group coordinator,1
club timeshare sales professionals,1
insurance agents,1
teller csr teller csr landmark bank seeks the following position,1
head dental assistant,1
administrative assistant,1
dental assistant,1
account ace salary commission bonus 45 000 80 000,1
sales mgmt sales no experience needed,1
claims adjuster trainee national boca firm entry level,1
sales associate at world famous copa cabana,1
provider relations rep,1
licensed health insurance agents call today salary commissio,1
diesel truck mechanic,2
accounting clerk bookkeeping,2
drivers,2
duct foreman mechanics trainees,2
maintenance manager,2
inside sales and marketing,2
utility contractor,3
sales sales manager,3
network and computer systems administrators,3
phone representative,3
automotive service tech,3
legal secretary,3
hvac service tech,3
motivational speaker,3
receptionist ma,3
registered nurses,3
sales position,4
timeshare professionals,4
sales marketing manager,4
credentialing specialist,5
mortgage servicing specialist,6
mortgage documentation,6
maintenance engineer,7
certified medical assistant,8
case mngr support coord,8
hvac residential installers,8
otr driver class a cdl 5 years exp clean driver s,8
security ofc,8
auto sales,8
service advisor,8
driver,8
dental lab technician,8
ins collections reps ins collections reps min of 3yrs exp,8
residential services coordinator,8
ase aati certified tech,8
shipping clerk,8
trades industry machining teacher full time beginning,8
timeshare closing reps vacation village resorts seeks,8
telemarketer,8
psychics,8
nurse practitioner physician assistant,8
reception adminasst,8
truck,8
nursing staffing scheduler,8
lpn ma 8 00am 5 00pm,8
ac positions foreman mech helper tech sales estimator,8
legal assistant,8
certified nursing assistant full time,8
lpn ma 8 00am to 3,8
chemist analyst,8
seamstress,8
medical assisting and medical billing coding instructors,8
se regional drivers,8
dental assistant,8
medical reception billing,8
inside sales day shift,8
lpn certified medical assistant,8
front desk,8
aprn,9
